SUB_DISTRICT,2017-11-05
Bhainsa,0.6471191356434948
Dilawarpur,0.5173579304277478
Kaddam (Peddur),0.7143698099437058
Khanapur,0.7298321486495478
Kubeer,0.7381209256261104
Kuntala,0.6682038394851124
Laxmanchanda,0.6230217840204015
Lokeswaram,0.49164520253442123
Mamda,0.7172183329429507
Mudhole,0.5978155470975368
Nirmal,0.6340078614019712
Sarangapur,0.6724399690821822
Tanoor,0.6768477688943687
